run_id,timestamp,model,num_examples,input_tokens,output_tokens,total_tokens,labels_csv,log_json
20250831_162411,2025-08-31T16:24:28,anthropic.claude-3-haiku-20240307-v1:0,20,7466,420,7886,outputs\trec_dl_llm_label\20250831_162411_llm_labels_anthropic.claude-3-haiku-20240307-v1_0_top2.csv,outputs\trec_dl\logs\20250831_162411_llm_responses_anthropic.claude-3-haiku-20240307-v1_0_top2.json
20250831_162842,2025-08-31T16:29:01,anthropic.claude-3-haiku-20240307-v1:0,20,7706,420,8126,outputs\trec_dl_llm_label\20250831_162842_llm_labels_anthropic.claude-3-haiku-20240307-v1_0_top2.csv,outputs\trec_dl\logs\20250831_162842_llm_responses_anthropic.claude-3-haiku-20240307-v1_0_top2.json
20250831_163045,2025-08-31T16:31:03,anthropic.claude-3-haiku-20240307-v1:0,20,7706,420,8126,outputs\trec_dl_llm_label\20250831_163045_llm_labels_anthropic.claude-3-haiku-20240307-v1_0_top2.csv,outputs\trec_dl\logs\20250831_163045_llm_responses_anthropic.claude-3-haiku-20240307-v1_0_top2.json
20250831_163214,2025-08-31T16:32:33,anthropic.claude-3-haiku-20240307-v1:0,20,7706,420,8126,outputs\trec_dl_llm_label\20250831_163214_llm_labels_anthropic.claude-3-haiku-20240307-v1_0_top2.csv,outputs\trec_dl\logs\20250831_163214_llm_responses_anthropic.claude-3-haiku-20240307-v1_0_top2.json
20250831_163357,2025-08-31T16:34:14,anthropic.claude-3-haiku-20240307-v1:0,20,7706,420,8126,outputs\trec_dl_llm_label\20250831_163357_llm_labels_anthropic.claude-3-haiku-20240307-v1_0_top2.csv,outputs\trec_dl\logs\20250831_163357_llm_responses_anthropic.claude-3-haiku-20240307-v1_0_top2.json
20250831_163605,2025-08-31T16:36:25,anthropic.claude-3-haiku-20240307-v1:0,20,7706,420,8126,outputs\trec_dl_llm_label\20250831_163605_llm_labels_anthropic.claude-3-haiku-20240307-v1_0_top2.csv,outputs\trec_dl\logs\20250831_163605_llm_responses_anthropic.claude-3-haiku-20240307-v1_0_top2.json
20250831_163632,2025-08-31T16:36:50,anthropic.claude-3-haiku-20240307-v1:0,20,7706,420,8126,outputs\trec_dl_llm_label\20250831_163632_llm_labels_anthropic.claude-3-haiku-20240307-v1_0_top2.csv,outputs\trec_dl\logs\20250831_163632_llm_responses_anthropic.claude-3-haiku-20240307-v1_0_top2.json
20250831_205408,2025-08-31T20:54:26,anthropic.claude-3-haiku-20240307-v1:0,20,7706,420,8126,outputs\trec_dl_llm_label\20250831_205408_llm_labels_anthropic.claude-3-haiku-20240307-v1_0_top2.csv,outputs\trec_dl\logs\20250831_205408_llm_responses_anthropic.claude-3-haiku-20240307-v1_0_top2.json
20250831_205500,2025-08-31T20:55:15,anthropic.claude-3-haiku-20240307-v1:0,20,7706,420,8126,outputs\trec_dl_llm_label\20250831_205500_llm_labels_anthropic.claude-3-haiku-20240307-v1_0_top2.csv,outputs\trec_dl\logs\20250831_205500_llm_responses_anthropic.claude-3-haiku-20240307-v1_0_top2.json
20250901_002916,2025-09-01T00:29:32,anthropic.claude-3-haiku-20240307-v1:0,20,7706,420,8126,outputs\trec_dl_llm_label\20250901_002916_llm_labels_anthropic.claude-3-haiku-20240307-v1_0_top2.csv,outputs\trec_dl\logs\20250901_002916_llm_responses_anthropic.claude-3-haiku-20240307-v1_0_top2.json
20250901_002938,2025-09-01T00:29:53,anthropic.claude-3-haiku-20240307-v1:0,20,7706,420,8126,outputs\trec_dl_llm_label\20250901_002938_llm_labels_anthropic.claude-3-haiku-20240307-v1_0_top2.csv,outputs\trec_dl\logs\20250901_002938_llm_responses_anthropic.claude-3-haiku-20240307-v1_0_top2.json
20250901_002957,2025-09-01T00:30:13,anthropic.claude-3-haiku-20240307-v1:0,20,7706,420,8126,outputs\trec_dl_llm_label\20250901_002957_llm_labels_anthropic.claude-3-haiku-20240307-v1_0_top2.csv,outputs\trec_dl\logs\20250901_002957_llm_responses_anthropic.claude-3-haiku-20240307-v1_0_top2.json
20250901_211452,2025-09-01T21:15:06,mistral.mixtral-8x7b-instruct-v0:1,20,7712,365,8077,outputs\trec_dl_llm_label\20250901_211452_llm_labels_mistral.mixtral-8x7b-instruct-v0_1_top2.csv,outputs\trec_dl\logs\20250901_211452_llm_responses_mistral.mixtral-8x7b-instruct-v0_1_top2.json
20250901_211511,2025-09-01T21:15:26,mistral.mixtral-8x7b-instruct-v0:1,20,7712,365,8077,outputs\trec_dl_llm_label\20250901_211511_llm_labels_mistral.mixtral-8x7b-instruct-v0_1_top2.csv,outputs\trec_dl\logs\20250901_211511_llm_responses_mistral.mixtral-8x7b-instruct-v0_1_top2.json
20250901_212305,2025-09-01T21:23:19,mistral.mixtral-8x7b-instruct-v0:1,20,7712,365,8077,outputs\trec_dl_llm_label\20250901_212305_llm_labels_mistral.mixtral-8x7b-instruct-v0_1_top2.csv,outputs\trec_dl\logs\20250901_212305_llm_responses_mistral.mixtral-8x7b-instruct-v0_1_top2.json
20250901_212334,2025-09-01T21:23:50,mistral.mixtral-8x7b-instruct-v0:1,20,7712,365,8077,outputs\trec_dl_llm_label\20250901_212334_llm_labels_mistral.mixtral-8x7b-instruct-v0_1_top2.csv,outputs\trec_dl\logs\20250901_212334_llm_responses_mistral.mixtral-8x7b-instruct-v0_1_top2.json
20250901_212541,2025-09-01T21:25:59,mistral.mixtral-8x7b-instruct-v0:1,20,7712,365,8077,outputs\trec_dl_llm_label\20250901_212541_llm_labels_mistral.mixtral-8x7b-instruct-v0_1_top2.csv,outputs\trec_dl\logs\20250901_212541_llm_responses_mistral.mixtral-8x7b-instruct-v0_1_top2.json
20250901_215832,2025-09-01T21:59:38,mistral.mixtral-8x7b-instruct-v0:1,103,38913,1956,40869,outputs\trec_dl_llm_label\irrelevant\20250901_215832_llm_labels_mistral.mixtral-8x7b-instruct-v0_1_top2.csv,outputs\trec_dl\logs\20250901_215832_llm_responses_mistral.mixtral-8x7b-instruct-v0_1_top2.json
20250901_225127,2025-09-01T22:52:57,anthropic.claude-3-haiku-20240307-v1:0,103,38887,2163,41050,outputs\trec_dl_llm_label\irrelevant\20250901_225127_llm_labels_anthropic.claude-3-haiku-20240307-v1_0_top2.csv,outputs\trec_dl\logs\20250901_225127_llm_responses_anthropic.claude-3-haiku-20240307-v1_0_top2.json
20250901_225257,2025-09-01T22:55:35,openai.gpt-oss-20b-1:0,103,40857,30912,71769,outputs\trec_dl_llm_label\irrelevant\20250901_225257_llm_labels_openai.gpt-oss-20b-1_0_top2.csv,outputs\trec_dl\logs\20250901_225257_llm_responses_openai.gpt-oss-20b-1_0_top2.json
20250901_233041,2025-09-01T23:31:00,mistral.mixtral-8x7b-instruct-v0:1,19,7145,363,7508,outputs\trec_dl_llm_label\translated\20250901_233041_llm_labels_mistral.mixtral-8x7b-instruct-v0_1_top2.csv,outputs\trec_dl\logs\20250901_233041_llm_responses_mistral.mixtral-8x7b-instruct-v0_1_top2.json
20250901_234644,2025-09-01T23:47:17,openai.gpt-oss-20b-1:0,19,7520,5347,12867,outputs\trec_dl_llm_label\translated\20250901_234644_llm_labels_openai.gpt-oss-20b-1_0_top2.csv,outputs\trec_dl\logs\20250901_234644_llm_responses_openai.gpt-oss-20b-1_0_top2.json
20250901_234726,2025-09-01T23:47:50,anthropic.claude-3-haiku-20240307-v1:0,19,7143,399,7542,outputs\trec_dl_llm_label\translated\20250901_234726_llm_labels_anthropic.claude-3-haiku-20240307-v1_0_top2.csv,outputs\trec_dl\logs\20250901_234726_llm_responses_anthropic.claude-3-haiku-20240307-v1_0_top2.json
20250902_001159,2025-09-02T00:12:17,anthropic.claude-3-haiku-20240307-v1:0,19,7143,399,7542,outputs\trec_dl_llm_label\irrelevant\20250902_001159_llm_labels_anthropic.claude-3-haiku-20240307-v1_0_top2.csv,outputs\trec_dl\logs\20250902_001159_llm_responses_anthropic.claude-3-haiku-20240307-v1_0_top2.json
20250902_001217,2025-09-02T00:12:33,mistral.mixtral-8x7b-instruct-v0:1,19,7145,363,7508,outputs\trec_dl_llm_label\irrelevant\20250902_001217_llm_labels_mistral.mixtral-8x7b-instruct-v0_1_top2.csv,outputs\trec_dl\logs\20250902_001217_llm_responses_mistral.mixtral-8x7b-instruct-v0_1_top2.json
20250902_001233,2025-09-02T00:13:03,openai.gpt-oss-20b-1:0,19,7520,6044,13564,outputs\trec_dl_llm_label\irrelevant\20250902_001233_llm_labels_openai.gpt-oss-20b-1_0_top2.csv,outputs\trec_dl\logs\20250902_001233_llm_responses_openai.gpt-oss-20b-1_0_top2.json
20250902_001337,2025-09-02T00:14:01,anthropic.claude-3-haiku-20240307-v1:0,19,7143,399,7542,outputs\trec_dl_llm_label\translated\20250902_001337_llm_labels_anthropic.claude-3-haiku-20240307-v1_0_top2.csv,outputs\trec_dl\logs\20250902_001337_llm_responses_anthropic.claude-3-haiku-20240307-v1_0_top2.json
20250902_001513,2025-09-02T00:15:45,openai.gpt-oss-20b-1:0,19,7520,5186,12706,outputs\trec_dl_llm_label\translated\20250902_001513_llm_labels_openai.gpt-oss-20b-1_0_top2.csv,outputs\trec_dl\logs\20250902_001513_llm_responses_openai.gpt-oss-20b-1_0_top2.json
20250902_002512,2025-09-02T00:25:43,openai.gpt-oss-20b-1:0,19,7694,6171,13865,outputs\trec_dl_llm_label\translated\20250902_002512_llm_labels_openai.gpt-oss-20b-1_0_top2.csv,outputs\trec_dl\logs\20250902_002512_llm_responses_openai.gpt-oss-20b-1_0_top2.json
20250902_002738,2025-09-02T00:27:55,anthropic.claude-3-haiku-20240307-v1:0,19,7456,399,7855,outputs\trec_dl_llm_label\translated\20250902_002738_llm_labels_anthropic.claude-3-haiku-20240307-v1_0_top2.csv,outputs\trec_dl\logs\20250902_002738_llm_responses_anthropic.claude-3-haiku-20240307-v1_0_top2.json
20250902_002755,2025-09-02T00:28:08,mistral.mixtral-8x7b-instruct-v0:1,19,7548,361,7909,outputs\trec_dl_llm_label\translated\20250902_002755_llm_labels_mistral.mixtral-8x7b-instruct-v0_1_top2.csv,outputs\trec_dl\logs\20250902_002755_llm_responses_mistral.mixtral-8x7b-instruct-v0_1_top2.json
20250902_121837,2025-09-02T12:18:54,anthropic.claude-3-haiku-20240307-v1:0,19,7281,399,7680,outputs\trec_dl_llm_label\translated\20250902_121837_llm_labels_anthropic.claude-3-haiku-20240307-v1_0_top2.csv,outputs\trec_dl\logs\20250902_121837_llm_responses_anthropic.claude-3-haiku-20240307-v1_0_top2.json
20250902_121854,2025-09-02T12:19:05,mistral.mixtral-8x7b-instruct-v0:1,19,7283,361,7644,outputs\trec_dl_llm_label\translated\20250902_121854_llm_labels_mistral.mixtral-8x7b-instruct-v0_1_top2.csv,outputs\trec_dl\logs\20250902_121854_llm_responses_mistral.mixtral-8x7b-instruct-v0_1_top2.json
20250902_121905,2025-09-02T12:19:34,openai.gpt-oss-20b-1:0,19,7634,6137,13771,outputs\trec_dl_llm_label\translated\20250902_121905_llm_labels_openai.gpt-oss-20b-1_0_top2.csv,outputs\trec_dl\logs\20250902_121905_llm_responses_openai.gpt-oss-20b-1_0_top2.json
20250903_232913,2025-09-03T23:29:31,anthropic.claude-3-haiku-20240307-v1:0,19,7657,399,8056,outputs\trec_dl_llm_label\translated\20250903_232913_llm_labels_anthropic.claude-3-haiku-20240307-v1_0_top2.csv,outputs\trec_dl\logs\20250903_232913_llm_responses_anthropic.claude-3-haiku-20240307-v1_0_top2.json
20250903_232931,2025-09-03T23:29:46,mistral.mixtral-8x7b-instruct-v0:1,19,7757,361,8118,outputs\trec_dl_llm_label\translated\20250903_232931_llm_labels_mistral.mixtral-8x7b-instruct-v0_1_top2.csv,outputs\trec_dl\logs\20250903_232931_llm_responses_mistral.mixtral-8x7b-instruct-v0_1_top2.json
20250903_232946,2025-09-03T23:30:16,openai.gpt-oss-20b-1:0,19,7785,5912,13697,outputs\trec_dl_llm_label\translated\20250903_232946_llm_labels_openai.gpt-oss-20b-1_0_top2.csv,outputs\trec_dl\logs\20250903_232946_llm_responses_openai.gpt-oss-20b-1_0_top2.json
20250909_203724,2025-09-09T20:37:43,anthropic.claude-3-haiku-20240307-v1:0,19,7537,399,7936,outputs\trec_dl_llm_label\translated\gibberish\20250909_203724_llm_labels_anthropic.claude-3-haiku-20240307-v1_0_top2.csv,outputs\trec_dl\logs\20250909_203724_llm_responses_anthropic.claude-3-haiku-20240307-v1_0_top2.json
20250909_203743,2025-09-09T20:37:55,mistral.mixtral-8x7b-instruct-v0:1,19,7534,361,7895,outputs\trec_dl_llm_label\translated\gibberish\20250909_203743_llm_labels_mistral.mixtral-8x7b-instruct-v0_1_top2.csv,outputs\trec_dl\logs\20250909_203743_llm_responses_mistral.mixtral-8x7b-instruct-v0_1_top2.json
20250909_203755,2025-09-09T20:38:28,openai.gpt-oss-20b-1:0,19,7855,6426,14281,outputs\trec_dl_llm_label\translated\gibberish\20250909_203755_llm_labels_openai.gpt-oss-20b-1_0_top2.csv,outputs\trec_dl\logs\20250909_203755_llm_responses_openai.gpt-oss-20b-1_0_top2.json
20250910_113134,2025-09-10T11:31:55,anthropic.claude-3-haiku-20240307-v1:0,19,8562,399,8961,outputs\trec_dl_llm_label\translated\20250910_113134_llm_labels_anthropic.claude-3-haiku-20240307-v1_0_top2.csv,outputs\trec_dl\logs\20250910_113134_llm_responses_anthropic.claude-3-haiku-20240307-v1_0_top2.json
20250910_113155,2025-09-10T11:32:10,mistral.mixtral-8x7b-instruct-v0:1,19,8615,361,8976,outputs\trec_dl_llm_label\translated\20250910_113155_llm_labels_mistral.mixtral-8x7b-instruct-v0_1_top2.csv,outputs\trec_dl\logs\20250910_113155_llm_responses_mistral.mixtral-8x7b-instruct-v0_1_top2.json
20250910_113210,2025-09-10T11:32:37,openai.gpt-oss-20b-1:0,19,8783,4966,13749,outputs\trec_dl_llm_label\translated\20250910_113210_llm_labels_openai.gpt-oss-20b-1_0_top2.csv,outputs\trec_dl\logs\20250910_113210_llm_responses_openai.gpt-oss-20b-1_0_top2.json
20250910_135107,2025-09-10T13:51:28,anthropic.claude-3-haiku-20240307-v1:0,19,8562,399,8961,outputs\trec_dl_llm_label\translated\20250910_135107_llm_labels_anthropic.claude-3-haiku-20240307-v1_0_top2.csv,outputs\trec_dl\logs\20250910_135107_llm_responses_anthropic.claude-3-haiku-20240307-v1_0_top2.json
20250910_135128,2025-09-10T13:51:40,mistral.mixtral-8x7b-instruct-v0:1,19,8615,361,8976,outputs\trec_dl_llm_label\translated\20250910_135128_llm_labels_mistral.mixtral-8x7b-instruct-v0_1_top2.csv,outputs\trec_dl\logs\20250910_135128_llm_responses_mistral.mixtral-8x7b-instruct-v0_1_top2.json
20250910_135140,2025-09-10T13:52:08,openai.gpt-oss-20b-1:0,19,8783,5249,14032,outputs\trec_dl_llm_label\translated\20250910_135140_llm_labels_openai.gpt-oss-20b-1_0_top2.csv,outputs\trec_dl\logs\20250910_135140_llm_responses_openai.gpt-oss-20b-1_0_top2.json
20250910_140239,2025-09-10T14:03:10,openai.gpt-oss-20b-1:0,20,8067,5927,13994,outputs\trec_dl_llm_label\20250910_140239_llm_labels_openai.gpt-oss-20b-1_0_top2.csv,outputs\trec_dl\logs\20250910_140239_llm_responses_openai.gpt-oss-20b-1_0_top2.json
20250910_140822,2025-09-10T14:08:54,openai.gpt-oss-20b-1:0,20,8067,5902,13969,outputs\trec_dl_llm_label\20250910_140822_llm_labels_openai.gpt-oss-20b-1_0_top2.csv,outputs\trec_dl\logs\20250910_140822_llm_responses_openai.gpt-oss-20b-1_0_top2.json
20250910_140903,2025-09-10T14:09:38,openai.gpt-oss-20b-1:0,20,8067,6686,14753,outputs\trec_dl_llm_label\20250910_140903_llm_labels_openai.gpt-oss-20b-1_0_top2.csv,outputs\trec_dl\logs\20250910_140903_llm_responses_openai.gpt-oss-20b-1_0_top2.json
20250910_141020,2025-09-10T14:10:53,openai.gpt-oss-20b-1:0,20,8067,6045,14112,outputs\trec_dl_llm_label\20250910_141020_llm_labels_openai.gpt-oss-20b-1_0_top2.csv,outputs\trec_dl\logs\20250910_141020_llm_responses_openai.gpt-oss-20b-1_0_top2.json
20250910_141108,2025-09-10T14:11:40,openai.gpt-oss-20b-1:0,20,8067,6287,14354,outputs\trec_dl_llm_label\20250910_141108_llm_labels_openai.gpt-oss-20b-1_0_top2.csv,outputs\trec_dl\logs\20250910_141108_llm_responses_openai.gpt-oss-20b-1_0_top2.json
20250910_175045,2025-09-10T17:51:22,openai.gpt-oss-20b-1:0,20,11207,6501,17708,outputs\trec_dl_llm_label\20250910_175045_llm_labels_openai.gpt-oss-20b-1_0_top2.csv,outputs\trec_dl\logs\20250910_175045_llm_responses_openai.gpt-oss-20b-1_0_top2.json
20250910_175322,2025-09-10T17:54:04,openai.gpt-oss-20b-1:0,20,11207,7696,18903,outputs\trec_dl_llm_label\20250910_175322_llm_labels_openai.gpt-oss-20b-1_0_top2.csv,outputs\trec_dl\logs\20250910_175322_llm_responses_openai.gpt-oss-20b-1_0_top2.json
20250910_175531,2025-09-10T17:56:07,openai.gpt-oss-20b-1:0,20,11207,6682,17889,outputs\trec_dl_llm_label\20250910_175531_llm_labels_openai.gpt-oss-20b-1_0_top2.csv,outputs\trec_dl\logs\20250910_175531_llm_responses_openai.gpt-oss-20b-1_0_top2.json
20250910_175611,2025-09-10T17:56:46,openai.gpt-oss-20b-1:0,20,11207,6927,18134,outputs\trec_dl_llm_label\20250910_175611_llm_labels_openai.gpt-oss-20b-1_0_top2.csv,outputs\trec_dl\logs\20250910_175611_llm_responses_openai.gpt-oss-20b-1_0_top2.json
20250910_175658,2025-09-10T17:57:42,openai.gpt-oss-20b-1:0,20,11207,7708,18915,outputs\trec_dl_llm_label\20250910_175658_llm_labels_openai.gpt-oss-20b-1_0_top2.csv,outputs\trec_dl\logs\20250910_175658_llm_responses_openai.gpt-oss-20b-1_0_top2.json
20250910_181650,2025-09-10T18:17:24,openai.gpt-oss-20b-1:0,20,10967,6564,17531,outputs\trec_dl_llm_label\20250910_181650_llm_labels_openai.gpt-oss-20b-1_0_top2.csv,outputs\trec_dl\logs\20250910_181650_llm_responses_openai.gpt-oss-20b-1_0_top2.json
20250910_181748,2025-09-10T18:18:22,openai.gpt-oss-20b-1:0,20,10967,6515,17482,outputs\trec_dl_llm_label\20250910_181748_llm_labels_openai.gpt-oss-20b-1_0_top2.csv,outputs\trec_dl\logs\20250910_181748_llm_responses_openai.gpt-oss-20b-1_0_top2.json
20250910_181908,2025-09-10T18:19:42,openai.gpt-oss-20b-1:0,20,10967,6407,17374,outputs\trec_dl_llm_label\20250910_181908_llm_labels_openai.gpt-oss-20b-1_0_top2.csv,outputs\trec_dl\logs\20250910_181908_llm_responses_openai.gpt-oss-20b-1_0_top2.json
20250910_182101,2025-09-10T18:21:33,openai.gpt-oss-20b-1:0,20,10967,6017,16984,outputs\trec_dl_llm_label\20250910_182101_llm_labels_openai.gpt-oss-20b-1_0_top2.csv,outputs\trec_dl\logs\20250910_182101_llm_responses_openai.gpt-oss-20b-1_0_top2.json
20250910_182145,2025-09-10T18:22:18,openai.gpt-oss-20b-1:0,20,10967,6444,17411,outputs\trec_dl_llm_label\20250910_182145_llm_labels_openai.gpt-oss-20b-1_0_top2.csv,outputs\trec_dl\logs\20250910_182145_llm_responses_openai.gpt-oss-20b-1_0_top2.json
20250910_182228,2025-09-10T18:23:01,openai.gpt-oss-20b-1:0,20,10967,6143,17110,outputs\trec_dl_llm_label\20250910_182228_llm_labels_openai.gpt-oss-20b-1_0_top2.csv,outputs\trec_dl\logs\20250910_182228_llm_responses_openai.gpt-oss-20b-1_0_top2.json
20250910_182306,2025-09-10T18:23:38,openai.gpt-oss-20b-1:0,20,10967,5674,16641,outputs\trec_dl_llm_label\20250910_182306_llm_labels_openai.gpt-oss-20b-1_0_top2.csv,outputs\trec_dl\logs\20250910_182306_llm_responses_openai.gpt-oss-20b-1_0_top2.json
20250910_182425,2025-09-10T18:24:59,openai.gpt-oss-20b-1:0,20,10967,6514,17481,outputs\trec_dl_llm_label\20250910_182425_llm_labels_openai.gpt-oss-20b-1_0_top2.csv,outputs\trec_dl\logs\20250910_182425_llm_responses_openai.gpt-oss-20b-1_0_top2.json
20250910_182508,2025-09-10T18:25:41,openai.gpt-oss-20b-1:0,20,10967,5826,16793,outputs\trec_dl_llm_label\20250910_182508_llm_labels_openai.gpt-oss-20b-1_0_top2.csv,outputs\trec_dl\logs\20250910_182508_llm_responses_openai.gpt-oss-20b-1_0_top2.json
20250910_182547,2025-09-10T18:26:22,openai.gpt-oss-20b-1:0,20,10967,6912,17879,outputs\trec_dl_llm_label\20250910_182547_llm_labels_openai.gpt-oss-20b-1_0_top2.csv,outputs\trec_dl\logs\20250910_182547_llm_responses_openai.gpt-oss-20b-1_0_top2.json
20250910_204158,2025-09-10T20:42:17,anthropic.claude-3-haiku-20240307-v1:0,19,8562,399,8961,outputs\trec_dl_llm_label\translated\20250910_204158_llm_labels_anthropic.claude-3-haiku-20240307-v1_0_top2.csv,outputs\trec_dl\logs\20250910_204158_llm_responses_anthropic.claude-3-haiku-20240307-v1_0_top2.json
20250910_204217,2025-09-10T20:42:31,mistral.mixtral-8x7b-instruct-v0:1,19,8615,361,8976,outputs\trec_dl_llm_label\translated\20250910_204217_llm_labels_mistral.mixtral-8x7b-instruct-v0_1_top2.csv,outputs\trec_dl\logs\20250910_204217_llm_responses_mistral.mixtral-8x7b-instruct-v0_1_top2.json
20250910_204231,2025-09-10T20:43:01,openai.gpt-oss-20b-1:0,19,8783,5108,13891,outputs\trec_dl_llm_label\translated\20250910_204231_llm_labels_openai.gpt-oss-20b-1_0_top2.csv,outputs\trec_dl\logs\20250910_204231_llm_responses_openai.gpt-oss-20b-1_0_top2.json
20250910_213943,2025-09-10T21:39:58,mistral.mixtral-8x7b-instruct-v0:1,19,7145,363,7508,outputs\trec_dl_llm_label\irrelevant\20250910_213943_llm_labels_mistral.mixtral-8x7b-instruct-v0_1_top2.csv,outputs\trec_dl\logs\20250910_213943_llm_responses_mistral.mixtral-8x7b-instruct-v0_1_top2.json
20250910_215825,2025-09-10T21:58:42,anthropic.claude-3-haiku-20240307-v1:0,19,7281,399,7680,outputs\trec_dl_llm_label\translated\20250910_215825_llm_labels_anthropic.claude-3-haiku-20240307-v1_0_top2.csv,outputs\trec_dl\logs\20250910_215825_llm_responses_anthropic.claude-3-haiku-20240307-v1_0_top2.json
20250910_215842,2025-09-10T21:58:56,mistral.mixtral-8x7b-instruct-v0:1,19,7283,361,7644,outputs\trec_dl_llm_label\translated\20250910_215842_llm_labels_mistral.mixtral-8x7b-instruct-v0_1_top2.csv,outputs\trec_dl\logs\20250910_215842_llm_responses_mistral.mixtral-8x7b-instruct-v0_1_top2.json
20250910_215856,2025-09-10T21:59:26,openai.gpt-oss-20b-1:0,19,7634,5895,13529,outputs\trec_dl_llm_label\translated\20250910_215856_llm_labels_openai.gpt-oss-20b-1_0_top2.csv,outputs\trec_dl\logs\20250910_215856_llm_responses_openai.gpt-oss-20b-1_0_top2.json
20250910_221322,2025-09-10T22:13:56,anthropic.claude-3-5-sonnet-20240620-v1:0,19,7456,399,7855,outputs\trec_dl_llm_label\translated\20250910_221322_llm_labels_anthropic.claude-3-5-sonnet-20240620-v1_0_top2.csv,outputs\trec_dl\logs\20250910_221322_llm_responses_anthropic.claude-3-5-sonnet-20240620-v1_0_top2.json
20250910_221531,2025-09-10T22:16:21,anthropic.claude-3-5-sonnet-20240620-v1:0,19,7143,399,7542,outputs\trec_dl_llm_label\irrelevant\20250910_221531_llm_labels_anthropic.claude-3-5-sonnet-20240620-v1_0_top2.csv,outputs\trec_dl\logs\20250910_221531_llm_responses_anthropic.claude-3-5-sonnet-20240620-v1_0_top2.json
20250911_114323,2025-09-11T11:43:44,anthropic.claude-3-haiku-20240307-v1:0,19,7371,399,7770,outputs\trec_dl_llm_label\translated\zh\20250911_114323_llm_labels_anthropic.claude-3-haiku-20240307-v1_0_top2.csv,outputs\trec_dl\logs\20250911_114323_llm_responses_anthropic.claude-3-haiku-20240307-v1_0_top2.json
20250911_114344,2025-09-11T11:44:00,mistral.mixtral-8x7b-instruct-v0:1,19,7341,361,7702,outputs\trec_dl_llm_label\translated\zh\20250911_114344_llm_labels_mistral.mixtral-8x7b-instruct-v0_1_top2.csv,outputs\trec_dl\logs\20250911_114344_llm_responses_mistral.mixtral-8x7b-instruct-v0_1_top2.json
20250911_114400,2025-09-11T11:44:35,openai.gpt-oss-20b-1:0,19,7661,6814,14475,outputs\trec_dl_llm_label\translated\zh\20250911_114400_llm_labels_openai.gpt-oss-20b-1_0_top2.csv,outputs\trec_dl\logs\20250911_114400_llm_responses_openai.gpt-oss-20b-1_0_top2.json
20250911_172127,2025-09-11T17:21:44,anthropic.claude-3-haiku-20240307-v1:0,19,7456,399,7855,outputs\trec_dl_llm_label\translated\viet\20250911_172127_llm_labels_anthropic.claude-3-haiku-20240307-v1_0_top2.csv,outputs\trec_dl\logs\20250911_172127_llm_responses_anthropic.claude-3-haiku-20240307-v1_0_top2.json
20250911_172225,2025-09-11T17:22:43,anthropic.claude-3-haiku-20240307-v1:0,19,7456,399,7855,outputs\trec_dl_llm_label\translated\viet\20250911_172225_llm_labels_anthropic.claude-3-haiku-20240307-v1_0_top2.csv,outputs\trec_dl\logs\20250911_172225_llm_responses_anthropic.claude-3-haiku-20240307-v1_0_top2.json
20250911_173028,2025-09-11T17:30:47,anthropic.claude-3-haiku-20240307-v1:0,19,7456,399,7855,outputs\trec_dl_llm_label\translated\viet\20250911_173028_llm_labels_anthropic.claude-3-haiku-20240307-v1_0_top2.csv,outputs\trec_dl\logs\20250911_173028_llm_responses_anthropic.claude-3-haiku-20240307-v1_0_top2.json
20250911_173824,2025-09-11T17:38:44,anthropic.claude-3-haiku-20240307-v1:0,19,7456,399,7855,outputs\trec_dl_llm_label\translated\viet\20250911_173824_llm_labels_anthropic.claude-3-haiku-20240307-v1_0_top2.csv,outputs\trec_dl\logs\20250911_173824_llm_responses_anthropic.claude-3-haiku-20240307-v1_0_top2.json
20250911_204304,2025-09-11T20:43:18,mistral.mixtral-8x7b-instruct-v0:1,19,7548,361,7909,outputs\trec_dl_llm_label\translated\viet\20250911_204304_llm_labels_mistral.mixtral-8x7b-instruct-v0_1_top2.csv,outputs\trec_dl\logs\20250911_204304_llm_responses_mistral.mixtral-8x7b-instruct-v0_1_top2.json
20250911_204458,2025-09-11T20:45:12,mistral.mixtral-8x7b-instruct-v0:1,19,7548,361,7909,outputs\trec_dl_llm_label\translated\viet\20250911_204458_llm_labels_mistral.mixtral-8x7b-instruct-v0_1_top2.csv,outputs\trec_dl\logs\20250911_204458_llm_responses_mistral.mixtral-8x7b-instruct-v0_1_top2.json
20250911_204706,2025-09-11T20:47:20,mistral.mixtral-8x7b-instruct-v0:1,19,7548,361,7909,outputs\trec_dl_llm_label\translated\viet\20250911_204706_llm_labels_mistral.mixtral-8x7b-instruct-v0_1_top2.csv,outputs\trec_dl\logs\20250911_204706_llm_responses_mistral.mixtral-8x7b-instruct-v0_1_top2.json
20250911_205453,2025-09-11T20:55:08,mistral.mixtral-8x7b-instruct-v0:1,19,7548,361,7909,outputs\trec_dl_llm_label\translated\viet\20250911_205453_llm_labels_mistral.mixtral-8x7b-instruct-v0_1_top2.csv,outputs\trec_dl\logs\20250911_205453_llm_responses_mistral.mixtral-8x7b-instruct-v0_1_top2.json
20250911_214915,2025-09-11T21:49:34,anthropic.claude-3-haiku-20240307-v1:0,19,6506,171,6677,outputs\trec_dl_llm_label\translated\viet\umbrela\20250911_214915_llm_labels_anthropic.claude-3-haiku-20240307-v1_0_top2.csv,outputs\trec_dl\logs\20250911_214915_llm_responses_anthropic.claude-3-haiku-20240307-v1_0_top2.json
20250911_214934,2025-09-11T21:50:47,mistral.mixtral-8x7b-instruct-v0:1,19,6552,3288,9840,outputs\trec_dl_llm_label\translated\viet\umbrela\20250911_214934_llm_labels_mistral.mixtral-8x7b-instruct-v0_1_top2.csv,outputs\trec_dl\logs\20250911_214934_llm_responses_mistral.mixtral-8x7b-instruct-v0_1_top2.json
20250911_215047,2025-09-11T21:51:08,openai.gpt-oss-20b-1:0,19,6814,3663,10477,outputs\trec_dl_llm_label\translated\viet\umbrela\20250911_215047_llm_labels_openai.gpt-oss-20b-1_0_top2.csv,outputs\trec_dl\logs\20250911_215047_llm_responses_openai.gpt-oss-20b-1_0_top2.json
20250911_223928,2025-09-11T22:39:51,anthropic.claude-3-haiku-20240307-v1:0,19,6193,420,6613,outputs\trec_dl_llm_label\irrelevant\20250911_223928_llm_labels_anthropic.claude-3-haiku-20240307-v1_0_top2.csv,outputs\trec_dl\logs\20250911_223928_llm_responses_anthropic.claude-3-haiku-20240307-v1_0_top2.json
20250911_223951,2025-09-11T22:40:53,mistral.mixtral-8x7b-instruct-v0:1,19,6149,3189,9338,outputs\trec_dl_llm_label\irrelevant\20250911_223951_llm_labels_mistral.mixtral-8x7b-instruct-v0_1_top2.csv,outputs\trec_dl\logs\20250911_223951_llm_responses_mistral.mixtral-8x7b-instruct-v0_1_top2.json
20250911_224053,2025-09-11T22:41:12,openai.gpt-oss-20b-1:0,19,6640,2574,9214,outputs\trec_dl_llm_label\irrelevant\20250911_224053_llm_labels_openai.gpt-oss-20b-1_0_top2.csv,outputs\trec_dl\logs\20250911_224053_llm_responses_openai.gpt-oss-20b-1_0_top2.json
20250912_095601,2025-09-12T09:56:22,anthropic.claude-3-haiku-20240307-v1:0,19,6193,420,6613,outputs\trec_dl_llm_label\irrelevant\20250912_095601_llm_labels_anthropic.claude-3-haiku-20240307-v1_0_top2.csv,outputs\trec_dl\logs\20250912_095601_llm_responses_anthropic.claude-3-haiku-20240307-v1_0_top2.json
20250912_095622,2025-09-12T09:57:12,mistral.mixtral-8x7b-instruct-v0:1,19,6149,3160,9309,outputs\trec_dl_llm_label\irrelevant\20250912_095622_llm_labels_mistral.mixtral-8x7b-instruct-v0_1_top2.csv,outputs\trec_dl\logs\20250912_095622_llm_responses_mistral.mixtral-8x7b-instruct-v0_1_top2.json
20250912_095712,2025-09-12T09:57:31,openai.gpt-oss-20b-1:0,19,6640,2700,9340,outputs\trec_dl_llm_label\irrelevant\20250912_095712_llm_labels_openai.gpt-oss-20b-1_0_top2.csv,outputs\trec_dl\logs\20250912_095712_llm_responses_openai.gpt-oss-20b-1_0_top2.json
20250912_100502,2025-09-12T10:05:22,anthropic.claude-3-haiku-20240307-v1:0,19,6383,399,6782,outputs\trec_dl_llm_label\irrelevant\20250912_100502_llm_labels_anthropic.claude-3-haiku-20240307-v1_0_top2.csv,outputs\trec_dl\logs\20250912_100502_llm_responses_anthropic.claude-3-haiku-20240307-v1_0_top2.json
20250912_101644,2025-09-12T10:17:02,anthropic.claude-3-haiku-20240307-v1:0,19,6383,399,6782,outputs\trec_dl_llm_label\irrelevant\20250912_101644_llm_labels_anthropic.claude-3-haiku-20240307-v1_0_top2.csv,outputs\trec_dl\logs\20250912_101644_llm_responses_anthropic.claude-3-haiku-20240307-v1_0_top2.json
20250912_101702,2025-09-12T10:18:32,mistral.mixtral-8x7b-instruct-v0:1,19,6339,5412,11751,outputs\trec_dl_llm_label\irrelevant\20250912_101702_llm_labels_mistral.mixtral-8x7b-instruct-v0_1_top2.csv,outputs\trec_dl\logs\20250912_101702_llm_responses_mistral.mixtral-8x7b-instruct-v0_1_top2.json
20250912_101832,2025-09-12T10:18:55,openai.gpt-oss-20b-1:0,19,6830,4167,10997,outputs\trec_dl_llm_label\irrelevant\20250912_101832_llm_labels_openai.gpt-oss-20b-1_0_top2.csv,outputs\trec_dl\logs\20250912_101832_llm_responses_openai.gpt-oss-20b-1_0_top2.json
20250912_102108,2025-09-12T10:21:27,anthropic.claude-3-haiku-20240307-v1:0,19,6383,399,6782,outputs\trec_dl_llm_label\irrelevant\translated\viet\umbrela\20250912_102108_llm_labels_anthropic.claude-3-haiku-20240307-v1_0_top2.csv,outputs\trec_dl\logs\20250912_102108_llm_responses_anthropic.claude-3-haiku-20240307-v1_0_top2.json
20250912_102127,2025-09-12T10:22:52,mistral.mixtral-8x7b-instruct-v0:1,19,6339,5316,11655,outputs\trec_dl_llm_label\irrelevant\translated\viet\umbrela\20250912_102127_llm_labels_mistral.mixtral-8x7b-instruct-v0_1_top2.csv,outputs\trec_dl\logs\20250912_102127_llm_responses_mistral.mixtral-8x7b-instruct-v0_1_top2.json
20250912_102252,2025-09-12T10:23:16,openai.gpt-oss-20b-1:0,19,6830,4230,11060,outputs\trec_dl_llm_label\irrelevant\translated\viet\umbrela\20250912_102252_llm_labels_openai.gpt-oss-20b-1_0_top2.csv,outputs\trec_dl\logs\20250912_102252_llm_responses_openai.gpt-oss-20b-1_0_top2.json
20250912_103508,2025-09-12T10:35:14,anthropic.claude-3-haiku-20240307-v1:0,19,0,0,0,outputs\trec_dl_llm_label\irrelevant\translated\viet\umbrela\20250912_103508_llm_labels_anthropic.claude-3-haiku-20240307-v1_0_top2.csv,outputs\trec_dl\logs\20250912_103508_llm_responses_anthropic.claude-3-haiku-20240307-v1_0_top2.json
20250912_103514,2025-09-12T10:35:19,mistral.mixtral-8x7b-instruct-v0:1,19,0,0,0,outputs\trec_dl_llm_label\irrelevant\translated\viet\umbrela\20250912_103514_llm_labels_mistral.mixtral-8x7b-instruct-v0_1_top2.csv,outputs\trec_dl\logs\20250912_103514_llm_responses_mistral.mixtral-8x7b-instruct-v0_1_top2.json
20250912_103519,2025-09-12T10:35:25,openai.gpt-oss-20b-1:0,19,0,0,0,outputs\trec_dl_llm_label\irrelevant\translated\viet\umbrela\20250912_103519_llm_labels_openai.gpt-oss-20b-1_0_top2.csv,outputs\trec_dl\logs\20250912_103519_llm_responses_openai.gpt-oss-20b-1_0_top2.json
20250912_103631,2025-09-12T10:36:37,anthropic.claude-3-haiku-20240307-v1:0,19,0,0,0,outputs\trec_dl_llm_label\irrelevant\translated\viet\umbrela\20250912_103631_llm_labels_anthropic.claude-3-haiku-20240307-v1_0_top2.csv,outputs\trec_dl\logs\20250912_103631_llm_responses_anthropic.claude-3-haiku-20240307-v1_0_top2.json
20250912_104053,2025-09-12T10:41:12,anthropic.claude-3-haiku-20240307-v1:0,19,6383,399,6782,outputs\trec_dl_llm_label\irrelevant\translated\viet\umbrela\20250912_104053_llm_labels_anthropic.claude-3-haiku-20240307-v1_0_top2.csv,outputs\trec_dl\logs\20250912_104053_llm_responses_anthropic.claude-3-haiku-20240307-v1_0_top2.json
20250912_104112,2025-09-12T10:42:26,mistral.mixtral-8x7b-instruct-v0:1,19,6339,5073,11412,outputs\trec_dl_llm_label\irrelevant\translated\viet\umbrela\20250912_104112_llm_labels_mistral.mixtral-8x7b-instruct-v0_1_top2.csv,outputs\trec_dl\logs\20250912_104112_llm_responses_mistral.mixtral-8x7b-instruct-v0_1_top2.json
20250912_104226,2025-09-12T10:42:49,openai.gpt-oss-20b-1:0,19,6830,4107,10937,outputs\trec_dl_llm_label\irrelevant\translated\viet\umbrela\20250912_104226_llm_labels_openai.gpt-oss-20b-1_0_top2.csv,outputs\trec_dl\logs\20250912_104226_llm_responses_openai.gpt-oss-20b-1_0_top2.json
20250912_104601,2025-09-12T10:46:18,anthropic.claude-3-haiku-20240307-v1:0,19,6383,399,6782,outputs\trec_dl_llm_label\translated\viet\umbrela\20250912_104601_llm_labels_anthropic.claude-3-haiku-20240307-v1_0_top2.csv,outputs\trec_dl\logs\20250912_104601_llm_responses_anthropic.claude-3-haiku-20240307-v1_0_top2.json
20250912_104618,2025-09-12T10:47:49,mistral.mixtral-8x7b-instruct-v0:1,19,6339,5465,11804,outputs\trec_dl_llm_label\translated\viet\umbrela\20250912_104618_llm_labels_mistral.mixtral-8x7b-instruct-v0_1_top2.csv,outputs\trec_dl\logs\20250912_104618_llm_responses_mistral.mixtral-8x7b-instruct-v0_1_top2.json
20250912_104749,2025-09-12T10:48:12,openai.gpt-oss-20b-1:0,19,6830,3960,10790,outputs\trec_dl_llm_label\translated\viet\umbrela\20250912_104749_llm_labels_openai.gpt-oss-20b-1_0_top2.csv,outputs\trec_dl\logs\20250912_104749_llm_responses_openai.gpt-oss-20b-1_0_top2.json
20250912_105224,2025-09-12T10:52:45,anthropic.claude-3-haiku-20240307-v1:0,19,6696,399,7095,outputs\trec_dl_llm_label\translated\viet\umbrela\20250912_105224_llm_labels_anthropic.claude-3-haiku-20240307-v1_0_top2.csv,outputs\trec_dl\logs\20250912_105224_llm_responses_anthropic.claude-3-haiku-20240307-v1_0_top2.json
20250912_105245,2025-09-12T10:53:59,mistral.mixtral-8x7b-instruct-v0:1,19,6742,5366,12108,outputs\trec_dl_llm_label\translated\viet\umbrela\20250912_105245_llm_labels_mistral.mixtral-8x7b-instruct-v0_1_top2.csv,outputs\trec_dl\logs\20250912_105245_llm_responses_mistral.mixtral-8x7b-instruct-v0_1_top2.json
20250912_105359,2025-09-12T10:54:24,openai.gpt-oss-20b-1:0,19,7004,4710,11714,outputs\trec_dl_llm_label\translated\viet\umbrela\20250912_105359_llm_labels_openai.gpt-oss-20b-1_0_top2.csv,outputs\trec_dl\logs\20250912_105359_llm_responses_openai.gpt-oss-20b-1_0_top2.json
20250912_105602,2025-09-12T10:57:17,mistral.mixtral-8x7b-instruct-v0:1,19,6742,5289,12031,outputs\trec_dl_llm_label\translated\viet\umbrela\20250912_105602_llm_labels_mistral.mixtral-8x7b-instruct-v0_1_top2.csv,outputs\trec_dl\logs\20250912_105602_llm_responses_mistral.mixtral-8x7b-instruct-v0_1_top2.json
20250912_110614,2025-09-12T11:06:32,anthropic.claude-3-haiku-20240307-v1:0,19,7143,399,7542,outputs\trec_dl_llm_label\irrelevant\20250912_110614_llm_labels_anthropic.claude-3-haiku-20240307-v1_0_top2.csv,outputs\trec_dl\logs\20250912_110614_llm_responses_anthropic.claude-3-haiku-20240307-v1_0_top2.json
20250912_110632,2025-09-12T11:06:44,mistral.mixtral-8x7b-instruct-v0:1,19,7145,363,7508,outputs\trec_dl_llm_label\irrelevant\20250912_110632_llm_labels_mistral.mixtral-8x7b-instruct-v0_1_top2.csv,outputs\trec_dl\logs\20250912_110632_llm_responses_mistral.mixtral-8x7b-instruct-v0_1_top2.json
20250912_110644,2025-09-12T11:07:14,openai.gpt-oss-20b-1:0,19,7520,5535,13055,outputs\trec_dl_llm_label\irrelevant\20250912_110644_llm_labels_openai.gpt-oss-20b-1_0_top2.csv,outputs\trec_dl\logs\20250912_110644_llm_responses_openai.gpt-oss-20b-1_0_top2.json
20250912_110949,2025-09-12T11:10:12,anthropic.claude-3-haiku-20240307-v1:0,19,7143,399,7542,outputs\trec_dl_llm_label\irrelevant\20250912_110949_llm_labels_anthropic.claude-3-haiku-20240307-v1_0_top2.csv,outputs\trec_dl\logs\20250912_110949_llm_responses_anthropic.claude-3-haiku-20240307-v1_0_top2.json
20250912_111012,2025-09-12T11:10:24,mistral.mixtral-8x7b-instruct-v0:1,19,7145,363,7508,outputs\trec_dl_llm_label\irrelevant\20250912_111012_llm_labels_mistral.mixtral-8x7b-instruct-v0_1_top2.csv,outputs\trec_dl\logs\20250912_111012_llm_responses_mistral.mixtral-8x7b-instruct-v0_1_top2.json
20250912_111024,2025-09-12T11:10:52,openai.gpt-oss-20b-1:0,19,7520,5636,13156,outputs\trec_dl_llm_label\irrelevant\20250912_111024_llm_labels_openai.gpt-oss-20b-1_0_top2.csv,outputs\trec_dl\logs\20250912_111024_llm_responses_openai.gpt-oss-20b-1_0_top2.json
